caseId,traceLabel,obligationLabels,maxTurnsHalt,maxTurnsRank,exactRepeatHalt,exactRepeatRank,fuzzyRepeatCycleHalt,fuzzyRepeatCycleRank,confidence,ambiguityNote
01-progress,,,,,,,,,,
02-insufficient,,,,,,,,,,
03-regression,,,,,,,,,,
04-stagnation,,,,,,,,,,
05-max-turns,,,,,,,,,,
06-exact-repeat,,,,,,,,,,
07-fuzzy-repeat,,,,,,,,,,
08-cycle-ab,,,,,,,,,,
09-cycle-abc,,,,,,,,,,
10-no-repeat,,,,,,,,,,
11-late-max-turns,,,,,,,,,,
12-exact-tool-repeat,,,,,,,,,,
13-fuzzy-paraphrase,,,,,,,,,,
14-regression-recovery,,,,,,,,,,
15-mixed-obligations,,,,,,,,,,
16-empty-signal,,,,,,,,,,
17-repeated-progress,,,,,,,,,,
18-long-stagnation,,,,,,,,,,
19-short-max-turns,,,,,,,,,,
20-clean-completion,,,,,,,,,,
21-variant-progress,,,,,,,,,,
22-variant-insufficient,,,,,,,,,,
23-variant-regression,,,,,,,,,,
24-variant-stagnation,,,,,,,,,,
25-variant-max-turns,,,,,,,,,,
26-variant-exact-repeat,,,,,,,,,,
27-variant-fuzzy-repeat,,,,,,,,,,
28-variant-cycle-ab,,,,,,,,,,
29-variant-cycle-abc,,,,,,,,,,
30-variant-no-repeat,,,,,,,,,,
31-variant-late-max-turns,,,,,,,,,,
32-variant-exact-tool-repeat,,,,,,,,,,
33-variant-fuzzy-paraphrase,,,,,,,,,,
34-variant-regression-recovery,,,,,,,,,,
35-variant-mixed-obligations,,,,,,,,,,
36-variant-empty-signal,,,,,,,,,,
37-variant-repeated-progress,,,,,,,,,,
38-variant-long-stagnation,,,,,,,,,,
39-variant-short-max-turns,,,,,,,,,,
40-variant-clean-completion,,,,,,,,,,
41-variant-progress,,,,,,,,,,
42-variant-insufficient,,,,,,,,,,
43-variant-regression,,,,,,,,,,
44-variant-stagnation,,,,,,,,,,
45-variant-max-turns,,,,,,,,,,
46-variant-exact-repeat,,,,,,,,,,
47-variant-fuzzy-repeat,,,,,,,,,,
48-variant-cycle-ab,,,,,,,,,,
49-variant-cycle-abc,,,,,,,,,,
50-variant-no-repeat,,,,,,,,,,
51-variant-late-max-turns,,,,,,,,,,
52-variant-exact-tool-repeat,,,,,,,,,,
53-variant-fuzzy-paraphrase,,,,,,,,,,
54-variant-regression-recovery,,,,,,,,,,
55-variant-mixed-obligations,,,,,,,,,,
56-variant-empty-signal,,,,,,,,,,
57-variant-repeated-progress,,,,,,,,,,
58-variant-long-stagnation,,,,,,,,,,
59-variant-short-max-turns,,,,,,,,,,
60-variant-clean-completion,,,,,,,,,,
